diversity,unique,valid
0.6340186092550091,0.9318181818181818,1.0
