,diversity,unique,nolvety
0.8462770709007168,0.935672514619883,0.95
