diversity,unique,nolvety
0.8404878213459404,0.836,0.9940191387559809
