diversity,unique,nolvety
0.8561391558041674,0.955,0.9947643979057592
