,diversity,unique,nolvety
0.8413820934632303,0.9310344827586207,0.9629629629629629
